<?xml version="1.0" encoding="UTF-8"?>
<project-private xmlns="http://www.netbeans.org/ns/project-private/1">
    <editor-bookmarks xmlns="http://www.netbeans.org/ns/editor-bookmarks/2" lastBookmarkId="0"/>
    <open-files xmlns="http://www.netbeans.org/ns/projectui-open-files/2">
        <group>
            <file>file:/E:/ucudal/Estructura%20de%20Datos/TBL/AED-2022-2/UT4%20-%20Arboles%20Binarios/EJERCICIOS/TA2/UT4-TA2/src/Main.java</file>
            <file>file:/E:/ucudal/Estructura%20de%20Datos/TBL/AED-2022-2/UT4%20-%20Arboles%20Binarios/EJERCICIOS/TA2/UT4-TA2/src/TArbolBB.java</file>
            <file>file:/E:/ucudal/Estructura%20de%20Datos/TBL/AED-2022-2/UT4%20-%20Arboles%20Binarios/EJERCICIOS/TA2/UT4-TA2/src/TElementoAB.java</file>
            <file>file:/E:/ucudal/Estructura%20de%20Datos/TBL/AED-2022-2/UT4%20-%20Arboles%20Binarios/EJERCICIOS/TA2/UT4-TA2/test/TArbolBBTest.java</file>
        </group>
    </open-files>
</project-private>
